City_ID,City,Lat,Lng,Max Temp,Humidity,Cloudiness,Wind Speed,Country,Date
0,port-aux-francais,-49.35,70.2167,279.62,93,100,7.6,TF,1707268671
1,nar'yan-mar,67.6713,53.087,244.88,99,98,1.79,RU,1707268869
2,praia da vitoria,38.7333,-27.0667,291.29,82,40,10.12,PT,1707268870
3,maceio,-9.6658,-35.7353,299.84,94,20,2.06,BR,1707268425
4,zeya,53.75,127.2667,252.31,95,100,0.63,RU,1707268594
5,albany,42.6001,-73.9662,272.53,76,3,1.43,US,1707268871
6,winnemucca,40.973,-117.7357,275.18,87,100,5.66,US,1707268829
7,waitangi,-43.9535,-176.5597,292.49,95,100,10.97,NZ,1707268831
8,tolanaro,-25.0319,46.9987,296.19,94,40,9.77,MG,1707268872
9,invercargill,-46.4,168.35,289.83,66,7,5.81,NZ,1707268837
10,adamstown,-25.066,-130.1015,298.15,85,82,3.83,PN,1707268839
11,cativa,9.3606,-79.8436,295.87,85,53,4.92,PA,1707268874
12,lemvig,56.5486,8.3102,276.01,89,16,6.75,DK,1707268874
13,rundu,-17.9333,19.7667,292.28,90,99,2.03,NA,1707268875
14,cidreira,-30.1811,-50.2056,296.68,86,100,6.22,BR,1707268875
15,pinheiro,-2.5214,-45.0825,297.02,99,16,0.77,BR,1707268876
16,edinburgh of the seven seas,-37.0676,-12.3116,290.03,63,95,1.61,SH,1707268876
17,codrington,-38.2667,141.9667,291.7,62,80,5.21,AU,1707268324
18,kargil,34.5667,76.1,246.16,89,100,1.0,IN,1707268877
19,nova sintra,14.8667,-24.7167,294.14,72,0,5.66,CV,1707268878
20,springbok,-29.6643,17.8865,287.76,73,19,1.91,ZA,1707268879
21,iqaluit,63.7506,-68.5145,252.0,54,0,5.14,CA,1707268879
22,lihue,21.9789,-159.3672,299.73,64,0,8.75,US,1707268880
23,santa cruz del sur,20.7147,-77.9956,295.66,57,0,8.57,CU,1707268881
24,gadzhiyevo,69.2551,33.3362,254.73,98,100,4.4,RU,1707268846
25,anatuya,-28.4606,-62.8347,306.38,33,99,6.27,AR,1707268882
26,dekina,7.6948,7.0222,297.16,21,97,0.98,NG,1707268883
27,farafangana,-22.8167,47.8333,297.15,93,65,3.74,MG,1707268884
28,ilulissat,69.2167,-51.1,265.16,53,100,10.8,GL,1707268885
29,kodiak,57.79,-152.4072,275.88,75,0,5.14,US,1707268885
30,longyearbyen,78.2186,15.6401,264.06,62,75,5.66,SJ,1707268711
31,ushuaia,-54.8,-68.3,288.96,39,0,6.17,AR,1707268697
32,mboursou lere,9.7639,14.1539,296.84,17,73,4.37,TD,1707268887
33,tucurui,-3.7661,-49.6725,297.3,91,56,1.23,BR,1707268888
34,hirara,24.8,125.2833,295.07,73,0,5.14,JP,1707268888
35,avarua,-21.2078,-159.775,303.18,74,75,6.17,CK,1707268889
36,grytviken,-54.2811,-36.5092,282.08,62,6,2.34,GS,1707268850
37,ribeira grande,38.5167,-28.7,290.25,92,90,7.15,PT,1707268845
38,pisco,-13.7,-76.2167,298.18,78,0,5.66,PE,1707268841
39,puerto natales,-51.7236,-72.4875,283.49,80,41,1.01,CL,1707268836
40,sinabang,2.4803,96.3801,300.54,77,100,1.32,ID,1707268892
41,punta arenas,-53.15,-70.9167,285.21,71,75,5.14,CL,1707268692
42,senador jose porfirio,-2.5908,-51.9542,300.18,75,100,1.16,BR,1707268893
43,dharmabad,18.9,77.85,295.14,44,0,1.53,IN,1707268893
44,tralee,52.2704,-9.7026,277.83,87,100,2.04,IE,1707268894
45,whitehorse,60.7161,-135.0538,259.32,82,75,2.06,CA,1707268842
46,kamphaeng phet,16.25,99.5,296.64,21,0,0.75,TH,1707268895
47,gobabis,-22.45,18.9667,297.89,48,98,2.81,NA,1707268895
48,blackmans bay,-43.0167,147.3167,294.55,40,82,2.56,AU,1707268848
49,antofagasta,-23.65,-70.4,297.75,76,0,1.64,CL,1707268609
50,aioun,16.6614,-9.6149,294.41,10,0,5.71,MR,1707268897
51,brisas de zicatela,15.8369,-97.0419,299.44,69,75,1.03,MX,1707268358
52,meadow lake,34.8014,-106.5436,285.99,33,100,3.02,US,1707268898
53,gordonvale,-17.0936,145.7842,308.65,71,45,1.93,AU,1707268899
54,lebu,-37.6167,-73.65,290.83,95,99,1.33,CL,1707268899
55,bethel,41.3712,-73.414,273.82,68,0,1.54,US,1707268900
56,geraldton,-28.7667,114.6,306.38,15,0,10.8,AU,1707268900
57,sisimiut,66.9395,-53.6735,267.1,76,100,9.36,GL,1707268367
58,kapa'a,22.0752,-159.319,300.14,64,0,8.75,US,1707268901
59,puerto ayora,-0.7393,-90.3518,298.49,87,61,3.68,EC,1707268901
60,smithers,54.7804,-127.1743,270.95,86,100,0.16,CA,1707268310
61,acarau,-2.8856,-40.12,300.46,82,14,6.69,BR,1707268742
62,yellowknife,62.456,-114.3525,255.6,84,100,5.66,CA,1707268837
63,ouani,-12.1322,44.4258,301.52,81,66,5.37,KM,1707268904
64,isafjordur,66.0755,-23.124,269.89,88,100,6.93,IS,1707268818
65,tiksi,71.6872,128.8694,245.96,99,97,2.88,RU,1707268905
66,urengoy,65.9667,78.3667,253.62,100,100,2.02,RU,1707268905
67,georgetown,5.4112,100.3354,301.11,82,20,2.06,MY,1707268675
68,stanley,54.868,-1.6985,275.21,77,0,2.06,GB,1707268847
69,ridder,50.355,83.5133,262.53,73,88,2.87,KZ,1707268907
70,tyup,42.7276,78.3648,266.34,63,16,1.19,KG,1707268908
71,anadyr,64.75,177.4833,250.43,76,100,9.0,RU,1707268908
72,vangaindrano,-23.35,47.6,295.87,96,43,2.56,MG,1707268909
73,pont rouge,48.8833,-72.0825,257.31,98,100,0.44,CA,1707268909
74,sao joao da barra,-21.6403,-41.0511,298.0,89,100,3.02,BR,1707268910
75,mananjary,-21.2167,48.3333,297.27,94,99,3.86,MG,1707268910
76,disuq,31.1331,30.6465,284.15,93,0,1.81,EG,1707268911
77,kailua-kona,19.6406,-155.9956,300.13,70,75,4.12,US,1707268114
78,ancud,-41.8697,-73.8203,287.54,91,100,7.35,CL,1707268912
79,shahrak,34.1074,64.3052,265.15,72,11,2.14,AF,1707268913
80,constantia,44.1833,28.65,284.65,63,96,5.02,RO,1707268844
81,bredasdorp,-34.5322,20.0403,292.78,69,0,5.64,ZA,1707268914
82,kentville,45.0835,-64.4988,271.71,84,100,3.6,CA,1707268866
83,tazovsky,67.4667,78.7,253.69,100,90,2.93,RU,1707268915
84,mahina,-17.5065,-149.489,301.02,89,75,8.23,PF,1707268415
85,crane,31.3974,-102.3501,287.89,45,100,9.11,US,1707268916
86,polyarnyy,69.1989,33.4478,255.71,96,100,4.5,RU,1707268916
87,gulf shores,30.246,-87.7008,289.18,63,0,0.0,US,1707268917
88,papatowai,-46.5619,169.4708,290.25,50,0,4.8,NZ,1707268917
89,calvinia,-31.4707,19.776,288.86,71,62,5.64,ZA,1707268325
90,bamboo flat,11.7,92.7167,295.2,94,29,1.03,IN,1707268918
91,hermanus,-34.4187,19.2345,293.04,83,0,6.69,ZA,1707268919
92,puerto gaitan,4.3133,-72.0816,302.57,60,62,1.21,CO,1707268919
93,iskateley,67.6803,53.1512,244.83,99,99,1.79,RU,1707268920
94,bochum,51.4833,7.2167,283.98,84,100,4.92,DE,1707268920
95,ambovombe,-25.1667,46.0833,294.87,92,2,2.26,MG,1707268921
96,jamestown,42.097,-79.2353,272.95,82,0,3.6,US,1707268662
97,kapuskasing,49.4169,-82.4331,276.15,93,100,3.6,CA,1707268922
98,alavus,62.5833,23.6167,253.1,98,95,1.47,FI,1707268922
99,hawaiian paradise park,19.5933,-154.9731,298.88,78,100,5.14,US,1707268840
100,kabanjahe,3.1001,98.4908,292.0,87,100,0.54,ID,1707268625
101,arraial do cabo,-22.9661,-42.0278,297.13,88,40,2.06,BR,1707268924
102,minas de marcona,-15.2119,-75.1103,293.12,89,97,4.74,PE,1707268925
103,new norfolk,-42.7826,147.0587,295.21,35,91,2.72,AU,1707268894
104,la ronge,55.1001,-105.2842,259.29,78,100,3.6,CA,1707268926
105,petropavlovsk-kamchatsky,53.0452,158.6483,264.48,62,75,3.0,RU,1707268926
106,tver,56.8619,35.8931,255.53,100,100,0.89,RU,1707268927
107,port alfred,-33.5906,26.891,294.92,91,100,4.02,ZA,1707268927
108,bilibino,68.0546,166.4372,238.88,99,100,0.41,RU,1707268928
109,cochrane,51.1834,-114.4687,267.32,79,100,3.6,CA,1707268928
110,mount isa,-20.7333,139.5,305.02,48,100,6.17,AU,1707268838
111,great falls,47.5002,-111.3008,271.31,98,100,2.57,US,1707268929
112,wicklow,53.0,-6.4167,275.0,87,100,1.06,IE,1707268930
113,pishva,35.308,51.7267,279.7,50,0,6.4,IR,1707268931
114,west island,-12.1568,96.8225,302.14,74,40,3.6,CC,1707268931
115,cooper's town,26.8667,-77.5167,293.62,74,82,15.29,BS,1707268932
116,puerto deseado,-47.7503,-65.8938,292.7,43,100,11.39,AR,1707268932
117,alzamay,55.5562,98.6644,251.61,100,51,1.25,RU,1707268933
118,cobija,-11.0267,-68.7692,298.17,75,0,1.14,BO,1707268933
119,margaret river,-33.95,115.0667,297.18,40,0,4.31,AU,1707268934
120,les cayes,18.2,-73.75,296.81,74,86,4.17,HT,1707268935
121,bereznik,62.8551,42.7072,247.16,100,98,0.43,RU,1707268935
122,lorengau,-2.0226,147.2712,301.42,80,100,6.68,PG,1707268936
123,taoudenni,22.6783,-3.9836,291.34,14,0,5.07,ML,1707268937
124,dakhla,23.6848,-15.958,293.59,43,100,4.34,EH,1707268432
125,turpan,42.9333,89.1667,272.11,57,18,0.07,CN,1707268938
126,haiku-pauwela,20.9219,-156.3051,299.16,61,20,11.32,US,1707268939
127,campos belos,-13.0367,-46.7717,296.93,78,100,0.96,BR,1707268850
128,belyy yar,53.6039,91.3903,248.09,92,97,0.0,RU,1707268939
129,aasiaat,68.7098,-52.8699,261.44,82,100,6.7,GL,1707268940
130,afaahiti,-17.75,-149.2833,300.08,91,100,8.53,PF,1707268941
131,buala,-8.145,159.5921,303.15,71,69,5.33,SB,1707268942
132,college,64.8569,-147.8028,262.54,79,75,0.0,US,1707268942
133,balsas,-7.5325,-46.0356,298.73,71,100,1.23,BR,1707268890
134,cam ranh,11.9214,109.1591,299.13,78,20,2.06,VN,1707268943
135,port mathurin,-19.6833,63.4167,299.97,69,16,6.87,MU,1707268832
136,itacoatiara,-3.1431,-58.4442,298.15,90,93,1.45,BR,1707268944
137,sitangkai,4.6628,119.3928,300.35,79,100,3.86,PH,1707268945
138,hadibu,12.65,54.0333,297.65,72,66,3.8,YE,1707268424
139,greenville,35.6127,-77.3663,277.24,67,0,6.17,US,1707268946
140,springs,-26.25,28.4,294.08,75,0,0.66,ZA,1707268947
141,machico,32.7,-16.7667,291.88,65,20,3.6,PT,1707268948
142,ust-nera,64.5667,143.2,241.27,93,60,0.33,RU,1707268949
143,bel ombre,-4.6167,55.4167,301.06,74,20,2.06,SC,1707268950
144,talakan,50.3167,130.3667,253.08,94,79,0.31,RU,1707268429
145,tura,25.5198,90.2201,285.96,95,0,0.26,IN,1707268951
146,makar'yev,57.8797,43.8069,245.73,100,40,2.14,RU,1707268951
147,belmonte,-15.8631,-38.8828,298.95,85,56,2.27,BR,1707268952
148,namibe,-15.1961,12.1522,298.25,79,100,1.89,AO,1707268953
149,keflavik,64.0049,-22.5624,272.1,80,75,10.29,IS,1707268953
150,holualoa,19.6228,-155.9522,298.06,69,75,4.12,US,1707268954
151,santa elena de uairen,4.6167,-61.1333,295.22,78,51,1.27,VE,1707268958
152,egilsstadir,65.2653,-14.3948,267.1,93,100,0.0,IS,1707268959
153,katsuren-haebaru,26.3369,127.8719,293.58,77,100,4.12,JP,1707268959
154,port macquarie,-31.4333,152.9167,296.98,82,100,5.9,AU,1707268960
155,isangel,-19.55,169.2667,304.21,66,100,3.09,VU,1707268960
156,villa de soto,-30.8552,-64.9995,301.45,42,96,5.35,AR,1707268960
157,grenada,37.1882,-3.6067,282.97,80,0,1.03,ES,1707268961
158,pacasmayo,-7.4006,-79.5714,298.6,74,30,4.83,PE,1707268961
159,mil'kovo,55.6078,37.7956,265.37,100,93,1.69,RU,1707268962
160,kropyvnytskyi,48.5132,32.2597,278.14,83,100,5.68,UA,1707268962
161,as sulayyil,20.4607,45.5779,291.29,64,55,4.99,SA,1707268365
162,la paz,-16.5,-68.15,282.91,80,75,3.09,BO,1707268964
163,chinde,26.8418,88.0763,278.96,70,0,1.72,NP,1707268965
164,kalianget,-7.05,113.9333,299.67,86,100,2.97,ID,1707268965
165,al bawiti,28.3492,28.8659,284.68,67,0,1.98,EG,1707268966
166,charters towers,-20.1,146.2667,305.06,45,3,2.97,AU,1707268966
167,remire-montjoly,4.9167,-52.2667,298.17,100,75,1.03,GF,1707268967
168,belgaum,15.8667,74.5,290.1,82,0,0.0,IN,1707268968
169,gutierrez zamora,20.45,-97.0833,297.05,74,0,2.71,MX,1707268968
170,santa elena,-2.2333,-80.85,300.9,83,20,3.6,EC,1707268969
171,klyuchi,52.2667,79.1667,264.91,81,100,5.96,RU,1707268969
172,qaqortoq,60.7167,-46.0333,258.57,64,0,4.54,GL,1707268970
173,tuensang,26.2833,94.8333,282.44,96,0,1.36,IN,1707268970
174,san julian,21.0167,-102.1667,290.92,14,0,1.61,MX,1707268971
175,mhamid,29.82,-5.72,285.19,31,70,1.14,MA,1707268971
176,kampene,-3.6,26.6667,293.92,97,100,0.93,CD,1707268972
177,nizhniy odes,63.6445,54.856,247.88,100,100,1.52,RU,1707268972
178,st. john's,47.5649,-52.7093,273.59,92,100,13.86,CA,1707268730
179,atafu village,-8.5421,-172.5159,301.81,81,85,10.36,TK,1707268973
180,faya-largeau,17.9257,19.1043,289.9,27,100,9.58,TD,1707268398
181,port lincoln,-34.7333,135.8667,292.17,65,59,4.1,AU,1707268974
182,illizi,26.4833,8.4667,282.04,29,75,1.93,DZ,1707268388
183,olonkinbyen,70.9221,-8.7187,269.48,90,89,9.71,SJ,1707268975
184,ploudalmezeau,48.5333,-4.65,286.08,94,100,11.32,FR,1707268976
185,san patricio,28.017,-97.5169,290.07,61,7,3.94,US,1707268976
186,taco pozo,-25.6167,-63.2833,301.11,60,100,4.9,AR,1707268976
187,iwanai,42.9744,140.5089,273.03,70,98,2.32,JP,1707268977
188,fale old settlement,-9.3852,-171.2468,302.06,80,100,11.24,TK,1707268977
189,flying fish cove,-10.4217,105.6791,300.97,78,40,2.57,CX,1707268978
190,yeppoon,-23.1333,150.7333,306.03,64,13,6.92,AU,1707268978
191,morondava,-20.2833,44.2833,299.61,84,98,4.09,MG,1707268979
192,port elizabeth,-33.918,25.5701,295.98,90,20,8.75,ZA,1707268979
193,wailua homesteads,22.0669,-159.378,299.39,65,0,8.75,US,1707268980
194,richards bay,-28.783,32.0377,293.77,91,30,3.39,ZA,1707268095
195,swan hill,-35.3378,143.5544,296.5,28,0,5.8,AU,1707268981
196,el fahs,36.3742,9.9065,285.67,39,100,2.62,TN,1707268982
197,saipan,15.1355,145.701,302.54,54,20,5.14,MP,1707268983
198,stanovoye,52.7638,38.3582,260.35,97,100,2.48,RU,1707268983
199,byron bay,-28.65,153.6167,301.88,78,14,7.54,AU,1707268984
200,margate,51.3813,1.3862,284.32,92,100,2.68,GB,1707268984
201,utrik,11.2278,169.8474,299.79,80,87,7.09,MH,1707268985
202,bavly,54.393,53.2602,271.08,88,100,4.27,RU,1707268986
203,san antonio de pale,-1.4014,5.6325,301.09,74,51,1.71,GQ,1707268986
204,salekhard,66.53,66.6019,246.12,100,100,0.77,RU,1707268987
205,bagan serai,5.0108,100.541,301.16,91,100,1.11,MY,1707268987
206,bogen,48.9112,12.6896,280.75,81,99,5.86,DE,1707268989
207,kongolo,-5.3833,27.0,294.04,98,94,1.51,CD,1707268989
208,cachoeira do sul,-30.0392,-52.8939,296.55,81,100,4.06,BR,1707268990
209,vorgashor,67.5833,63.95,246.1,99,89,1.96,RU,1707268990
210,brakpan,-26.2366,28.3694,294.07,75,0,0.55,ZA,1707268991
211,motueka,-41.1333,173.0167,298.2,27,24,1.75,NZ,1707268992
212,saint-pierre,-21.3393,55.4781,296.97,60,0,3.09,RE,1707268415
213,tuttle,35.2909,-97.8123,287.27,52,84,3.84,US,1707268993
214,huarmey,-10.0681,-78.1522,298.35,78,23,3.76,PE,1707268993
215,eldorado at santa fe,35.5264,-105.9347,283.05,42,40,3.58,US,1707268994
216,prineville,44.2999,-120.8345,279.21,70,100,2.06,US,1707268995
217,ghazni,33.5536,68.4269,266.19,62,46,2.77,AF,1707268995
218,thinadhoo,0.5333,72.9333,301.1,76,100,3.45,MV,1707268996
219,opuwo,-18.0607,13.84,293.35,88,100,2.28,NA,1707268996
220,payson,40.0444,-111.7321,282.86,61,100,7.72,US,1707268997
221,lintong,34.378,109.2089,273.53,73,100,0.93,CN,1707268998
222,benguela,-12.5763,13.4055,299.86,78,100,0.54,AO,1707268998
223,bikaner,28.0167,73.3,286.15,33,98,4.28,IN,1707268999
224,timbuktu,16.7735,-3.0074,292.73,13,0,4.99,ML,1707268986
225,mozarlandia,-14.7447,-50.5706,296.45,92,100,3.13,BR,1707269000
226,ta`u,-14.2336,-169.5144,301.4,85,100,14.13,AS,1707269001
227,mount gambier,-37.8333,140.7667,291.46,58,100,2.89,AU,1707269001
228,arar,30.9753,41.0381,280.16,70,0,3.09,SA,1707269002
229,eureka,40.8021,-124.1637,283.67,84,67,4.92,US,1707268824
230,sosnovka,56.255,51.2842,269.38,94,100,4.02,RU,1707269003
231,alofi,-19.0595,-169.9187,303.09,66,75,6.17,NU,1707269003
232,pergamino,-33.89,-60.5736,304.2,38,1,3.85,AR,1707269004
233,susuman,62.7833,148.1667,243.7,100,98,0.45,RU,1707268997
234,thiruthani,13.1833,79.6333,293.08,91,9,1.3,IN,1707269005
235,thompson,55.7435,-97.8558,255.24,71,75,3.6,CA,1707268749
236,tofol,5.3248,163.0078,304.03,66,75,8.23,FM,1707268839
237,kerikeri,-35.2268,173.9474,297.63,58,35,3.87,NZ,1707269006
238,coruripe,-10.1256,-36.1756,299.45,83,97,3.49,BR,1707268994
239,hamilton,39.1834,-84.5333,278.58,73,0,2.06,US,1707268909
240,yaren,-0.5472,166.916,302.21,74,100,6.43,NR,1707268426
241,san luis de la loma,17.2706,-100.8939,298.09,79,5,1.94,MX,1707269009
242,ouadda,8.0777,22.4007,294.91,17,8,3.82,CF,1707269009
243,kingston,17.997,-76.7936,297.68,69,20,5.66,JM,1707268875
244,zouerate,22.7187,-12.4521,290.7,10,78,4.33,MR,1707269010
245,cabedelo,-6.9811,-34.8339,301.52,78,15,4.32,BR,1707268792
246,yarmouth,41.7057,-70.2286,274.41,89,100,7.15,US,1707269011
247,popondetta,-8.7537,148.2534,304.71,61,100,1.77,PG,1707269011
248,talnakh,69.4865,88.3972,252.48,85,100,3.05,RU,1707269003
249,vallenar,-28.5708,-70.7581,296.47,62,65,1.33,CL,1707269012
250,al fulah,11.7329,28.3579,290.56,18,15,6.8,SD,1707269013
251,nizao,18.25,-70.2,300.57,76,38,8.06,DO,1707269013
252,la gi,10.6667,107.7833,299.31,78,90,4.52,VN,1707269014
253,centerville,39.6284,-84.1594,277.42,76,0,2.57,US,1707268953
254,anloga,5.7947,0.8973,299.38,79,5,2.47,GH,1707269015
255,nova vicosa,-17.8919,-39.3719,299.0,85,100,3.08,BR,1707269015
256,mata-utu,-13.2816,-176.1745,301.73,78,92,6.98,WF,1707268720
257,sheridan,44.8333,-106.9173,281.66,64,20,3.6,US,1707269009
258,carnarvon,-24.8667,113.6333,304.4,40,1,5.98,AU,1707269008
259,lingyuan,41.24,119.4011,266.87,55,0,1.5,CN,1707269017
260,al ghayzah,16.2079,52.176,294.64,63,16,1.25,YE,1707269017
261,lerwick,60.1545,-1.1494,274.15,62,100,7.22,GB,1707269017
262,aver-o-mar,41.4078,-8.7812,286.46,82,20,4.12,PT,1707269018
263,ebon,4.582,168.6964,301.26,79,29,6.93,MH,1707269019
264,navia,43.5354,-6.7194,284.11,81,100,2.56,ES,1707269020
265,sukabumi,-6.9181,106.9267,295.45,86,100,0.54,ID,1707269020
266,broken hill,-31.95,141.4333,296.31,27,46,7.72,AU,1707268982
267,el bauga,18.262,33.9081,286.78,27,100,5.65,SD,1707269021
268,fernie,49.5,-115.0687,275.26,93,94,1.21,CA,1707269022
269,vila do maio,15.1333,-23.2167,296.59,68,2,5.08,CV,1707269022
270,anori,-3.7728,-61.6442,298.42,93,100,0.78,BR,1707269023
271,myrhorod,49.9685,33.6089,277.94,91,100,6.34,UA,1707269023
272,tinogasta,-28.0632,-67.5649,301.99,38,15,2.38,AR,1707269024
273,extrema,-22.8547,-46.3183,291.66,96,100,1.55,BR,1707268864
274,zhaoyuan,37.3592,120.3964,271.29,66,4,3.74,CN,1707269024
275,bela,25.9333,81.9833,283.34,60,11,3.14,IN,1707269025
276,vila franca do campo,37.7167,-25.4333,291.38,86,100,7.61,PT,1707269025
277,naze,28.3667,129.4833,287.66,76,100,4.89,JP,1707269026
278,happy valley-goose bay,53.3168,-60.3315,258.32,72,20,3.09,CA,1707269000
279,aykhal,66.0,111.5,242.68,100,100,2.29,RU,1707268430
280,yeed,4.55,43.0333,298.73,68,30,6.11,SO,1707269027
281,al hawatah,13.4167,34.6333,295.48,24,100,5.78,SD,1707269028
282,gao,16.6362,1.637,289.99,16,80,5.82,ML,1707269028
283,north battleford,52.7834,-108.2847,269.2,93,100,4.63,CA,1707269029
284,nogliki,51.8333,143.1667,255.01,92,93,3.13,RU,1707269029
285,thunder bay,48.4001,-89.3168,275.14,93,100,1.03,CA,1707269030
286,uyuni,-20.4597,-66.825,284.44,61,88,4.29,BO,1707269030
287,craig,40.5153,-107.5464,277.94,75,75,2.06,US,1707268944
288,yuxi,24.355,102.5422,283.82,66,4,2.67,CN,1707269031
289,lower hutt,-41.2167,174.9167,296.1,56,40,11.83,NZ,1707269032
290,altai,46.3722,96.2583,253.55,68,6,0.74,MN,1707269032
291,nanma,36.1817,118.1583,271.45,64,7,1.53,CN,1707269033
292,okondja,-0.6549,13.6753,297.69,69,82,0.93,GA,1707269033
293,plyeshchanitsy,54.4222,27.8331,271.43,97,100,5.46,BY,1707269034
294,nyandoma,61.669,40.1991,246.05,100,100,1.22,RU,1707269034
295,al burayqah,30.4062,19.5739,288.83,66,0,2.91,LY,1707269017
296,merizo village,13.2658,144.6691,302.46,78,100,6.96,GU,1707269035
297,mugia,43.1041,-9.2179,288.1,93,100,9.71,ES,1707269036
298,korla,41.7597,86.1469,267.42,75,99,0.12,CN,1707269010
299,queenstown,-31.8976,26.8753,293.0,47,10,2.32,ZA,1707269017
300,alice springs,-23.7,133.8833,301.6,48,75,7.2,AU,1707268968
301,quellon,-43.1167,-73.6167,284.89,82,100,6.4,CL,1707269038
302,golub-dobrzyn,53.1109,19.0538,283.44,80,100,12.88,PL,1707269039
303,luderitz,-26.6481,15.1594,292.38,78,99,4.9,NA,1707269039
304,papao,-17.75,-149.55,300.97,89,100,10.4,PF,1707269040
305,uturoa,-16.7333,-151.4333,301.26,85,100,13.19,PF,1707268842
306,lhokseumawe,5.1801,97.1507,298.65,78,59,0.79,ID,1707269041
307,puerto aysen,-45.4,-72.7,282.66,93,100,5.04,CL,1707269041
308,vizinga,61.0749,50.1031,252.6,97,99,2.84,RU,1707269042
309,owo,7.1962,5.5868,296.42,21,31,0.95,NG,1707269043
310,rongelap,11.1635,166.8941,299.85,81,86,6.05,MH,1707269017
311,marat,25.0701,45.4615,283.24,43,0,2.96,SA,1707269044
312,aweil,8.7682,27.4002,295.04,18,15,2.65,SS,1707269044
313,wenchang,30.904,118.4887,274.03,96,100,1.78,CN,1707269013
314,sorong,-0.8833,131.25,300.85,75,100,2.5,ID,1707269045
315,san felipe,10.3399,-68.7425,297.87,86,100,1.45,VE,1707269046
316,sambava,-14.2667,50.1667,296.55,91,100,2.28,MG,1707269046
317,flin flon,54.7682,-101.865,259.27,94,86,2.98,CA,1707269019
318,wurtulla,-26.7568,153.1256,301.1,93,13,2.24,AU,1707269047
319,ilhabela,-23.7781,-45.3581,297.86,91,100,2.0,BR,1707269006
320,launceston,-41.45,147.1667,294.95,40,77,3.09,AU,1707269048
321,howard springs,-12.497,131.047,305.83,80,6,3.58,AU,1707269025
322,genthin,52.4,12.1667,283.29,85,100,7.8,DE,1707269049
323,pestovo,58.5938,35.8024,250.16,100,100,1.41,RU,1707269049
324,vilhena,-12.7406,-60.1458,296.73,81,98,1.59,BR,1707268758
325,portland,45.5234,-122.6762,283.02,87,100,0.45,US,1707269024
326,yantarnyy,54.8717,19.9381,278.61,90,100,12.39,RU,1707269050
327,kostopil',50.8784,26.4519,279.75,77,100,9.81,UA,1707269051
328,brokopondo,4.75,-55.1667,297.76,91,70,3.75,SR,1707269051
329,qamdo,31.1667,97.2333,263.7,49,4,3.18,CN,1707269052
330,comandante fontana,-25.3345,-59.6821,296.92,83,100,1.93,AR,1707269053
331,karwar,14.8,74.1333,297.33,54,0,1.42,IN,1707269053
332,colonia,50.9333,6.95,284.72,80,75,8.75,DE,1707268769
333,niafunke,15.9322,-3.9906,293.51,13,0,5.09,ML,1707269054
334,vegreville,53.5001,-112.0518,267.45,86,94,3.6,CA,1707269054
335,yashkul',46.1711,45.3435,274.02,78,100,6.17,RU,1707269055
336,smara,26.7384,-11.6719,290.57,20,100,4.42,EH,1707269056
337,nasiriyah,31.0521,46.261,286.43,57,6,3.66,IQ,1707269056
338,prado,-17.3411,-39.2208,298.53,88,71,2.37,BR,1707269017
339,kakanj,44.1272,18.1181,272.81,91,100,2.23,BA,1707269057
340,sampit,-2.5333,112.95,298.57,94,100,1.91,ID,1707269058
341,hithadhoo,-0.6,73.0833,301.23,75,40,2.92,MV,1707269003
342,lospalos,-8.5186,127.0025,298.56,80,100,1.45,TL,1707269059
343,pierre,44.3683,-100.351,275.66,100,100,7.72,US,1707268941
344,morehead city,34.7229,-76.726,279.25,73,0,8.23,US,1707269060
345,chonchi,-42.6128,-73.8092,288.33,91,100,4.36,CL,1707269002
346,banjarmasin,-3.3244,114.591,298.23,91,100,0.32,ID,1707269061
347,banda aceh,5.5577,95.3222,298.75,80,6,3.72,ID,1707268859
348,alagapuram,11.8871,78.9176,292.9,87,6,1.38,IN,1707268817
349,cartagena del chaira,1.3349,-74.8429,296.44,96,21,0.92,CO,1707268793
350,mafinga,-7.25,35.0667,291.52,95,18,0.26,TZ,1707269063
351,guatire,10.4762,-66.5427,297.86,85,56,0.93,VE,1707269063
352,chos malal,-37.3781,-70.2709,296.97,28,91,5.57,AR,1707269064
353,mastung,29.7994,66.845,277.83,68,9,1.46,PK,1707269065
354,cuatro cienegas de carranza,26.9833,-102.0833,289.41,37,16,2.65,MX,1707269066
355,galliano,29.4422,-90.2992,288.15,64,0,2.77,US,1707269066
356,korhogo,9.45,-5.6333,295.79,18,3,2.03,CI,1707269067
357,iaciara,-14.0958,-46.6317,295.6,86,94,0.06,BR,1707269067
358,manggar,-2.8833,108.2667,297.82,84,100,2.32,ID,1707269068
359,dryden,49.7833,-92.7503,273.31,100,100,1.54,CA,1707269005
360,kichmengskiy gorodok,59.9816,45.7854,247.56,100,86,1.79,RU,1707269069
361,qobustan,40.0824,49.412,279.54,76,97,5.62,AZ,1707269069
362,mili,6.0815,171.735,301.13,72,80,7.63,MH,1707269021
363,port saint john's,-31.6229,29.5448,295.95,87,100,5.94,ZA,1707269030
364,sarkand,45.41,79.9186,270.0,59,15,4.36,KZ,1707269071
365,guarapari,-20.6667,-40.4975,296.98,89,100,2.12,BR,1707269071
366,rikaze,29.25,88.8833,266.54,25,0,0.84,CN,1707269047
367,san martin,-33.081,-68.4681,303.45,30,2,3.35,AR,1707269073
368,murzuq,25.9155,13.9184,283.67,47,13,2.42,LY,1707269073
369,ulety,51.3572,112.4849,255.82,94,10,1.48,RU,1707269073
370,saint-philippe,-21.3585,55.7679,296.92,83,79,4.12,RE,1707269074
371,udachny,66.4167,112.4,242.84,74,96,1.89,RU,1707268840
372,bolgar,54.95,49.0667,262.55,90,100,10.33,RU,1707269075
373,ornskoldsvik,63.2909,18.7153,262.68,92,100,0.0,SE,1707269075
374,inirida,3.8653,-67.9239,297.2,93,73,0.75,CO,1707269076
375,nuku'alofa,-21.1333,-175.2,303.34,66,20,5.14,TO,1707269076
376,gangolli,13.65,74.6667,296.5,59,0,2.48,IN,1707269077
377,sao vicente,-23.9631,-46.3919,300.52,26,100,2.38,BR,1707269078
378,manicore,-5.8092,-61.3003,299.35,85,100,0.92,BR,1707269078
379,forster,-32.1667,152.5167,293.92,94,100,4.97,AU,1707269078
380,ingeniero jacobacci,-41.3427,-69.5448,292.44,56,100,9.9,AR,1707269079
381,sierra grande,-41.606,-65.3557,305.23,24,95,9.76,AR,1707269026
382,ghat,24.9647,10.1728,284.01,38,0,1.9,LY,1707269080
383,khash,28.2211,61.2158,278.64,41,0,0.25,IR,1707269081
384,bichura,50.5881,107.6022,252.95,98,43,0.77,RU,1707269081
385,gaiman,-43.2897,-65.4929,301.64,39,100,8.39,AR,1707269082
386,lompoc,34.6391,-120.4579,286.55,66,20,5.66,US,1707269007
387,akureyri,65.6835,-18.0878,271.11,74,75,1.54,IS,1707268987
388,yanchep,-31.55,115.6833,303.12,26,0,5.73,AU,1707269083
389,portstewart,55.1813,-6.714,277.91,72,100,4.13,GB,1707269084
390,djibo,14.1022,-1.6306,294.43,14,98,4.68,BF,1707269084
391,goz beida,13.95,20.55,291.07,23,90,4.27,TD,1707269085
392,mount darwin,-16.7725,31.5838,292.81,88,9,0.8,ZW,1707269085
393,mulchen,-37.7167,-72.2333,294.05,69,11,1.21,CL,1707269086
394,nizhneudinsk,54.9076,99.0276,255.87,97,61,1.24,RU,1707269055
395,hotan,37.0997,79.9269,268.42,75,8,1.37,CN,1707269087
396,bulawayo,-20.15,28.5833,294.09,54,8,2.44,ZW,1707268834
397,kish,26.5578,54.0194,291.3,48,0,3.09,IR,1707269088
398,hajnowka,52.7433,23.5812,280.82,94,100,1.79,PL,1707269088
399,lazaro cardenas,17.9583,-102.2,298.49,75,1,2.2,MX,1707269007
400,badger,64.8,-147.5333,262.49,82,75,0.0,US,1707268993
401,ban houakhoua,20.2453,100.4547,289.38,54,0,0.52,LA,1707269090
402,i-n-salah,27.1935,2.4607,287.65,22,65,3.75,DZ,1707269090
403,selkirk,50.1436,-96.8845,275.19,97,56,1.99,CA,1707269043
404,boende,-0.2167,20.8667,297.02,65,6,1.03,CD,1707269091
405,enewetak,11.3474,162.3373,299.84,81,100,6.94,MH,1707268993
406,walvis bay,-22.9575,14.5053,292.68,88,50,0.0,NA,1707269092
407,de aar,-30.6497,24.0123,295.53,29,10,3.23,ZA,1707269093
408,bujumbura,-3.3822,29.3644,294.29,86,24,1.06,BI,1707269093
409,muynoq,43.7683,59.0214,273.79,70,42,10.04,UZ,1707269094
410,qaisumah,28.3112,46.1273,282.13,53,0,2.06,SA,1707269094
411,olinda,-8.0089,-34.8553,302.0,74,40,4.12,BR,1707269095
412,polovinnoye,54.7914,65.9864,271.74,84,100,8.73,RU,1707269096
413,magadan,59.5667,150.8,254.0,75,99,3.2,RU,1707269096
414,sabancuy,18.9667,-91.1833,293.65,75,89,4.04,MX,1707269096
415,palmer,42.1584,-72.3287,273.5,72,0,0.0,US,1707268888
416,gbarnga,6.9956,-9.4722,293.39,83,0,0.95,LR,1707269097
417,durango,24.8333,-104.8333,292.02,11,98,5.58,MX,1707268886
418,preobrazheniye,42.9019,133.9064,267.39,47,0,3.02,RU,1707269098
419,cabo san lucas,22.8909,-109.9124,298.76,72,75,8.23,MX,1707269005
420,vuktyl,63.8567,57.3094,253.21,95,99,1.34,RU,1707269099
421,nemuro,43.3236,145.575,266.79,65,100,2.19,JP,1707268994
422,yuzhno-kurilsk,44.0306,145.8556,267.25,63,11,2.43,RU,1707269043
423,brookings,44.3114,-96.7984,279.36,91,0,3.09,US,1707269035
424,colachel,8.1667,77.25,295.78,79,8,2.86,IN,1707269101
425,whangarei,-35.7317,174.3239,300.81,44,2,2.49,NZ,1707269101
426,grande prairie,55.1667,-118.8027,266.25,86,100,2.06,CA,1707269082
427,kachkanar,58.7,59.4948,262.4,95,100,3.44,RU,1707269102
428,panaba,21.2833,-88.2667,292.27,67,50,3.25,MX,1707269103
429,karungdong,5.8844,121.263,300.59,72,99,1.47,PH,1707269103
430,zheleznodorozhnyy,55.7503,38.0042,265.38,100,90,0.4,RU,1707269104
431,berezovyy,51.6667,135.7,257.59,70,12,0.79,RU,1707269058
432,lundazi,-12.2929,33.1782,290.43,97,98,1.81,ZM,1707269105
433,nantucket,41.2835,-70.0995,274.25,86,75,6.17,US,1707268995
434,zaozersk,69.4005,32.4476,255.29,94,99,3.37,RU,1707269106
435,baabda,33.8339,35.5442,285.58,72,20,2.06,LB,1707269107
436,isoka,-10.1606,32.6335,289.31,94,100,1.17,ZM,1707269108
437,mandali,33.7499,45.5541,284.32,64,4,2.33,IQ,1707269108
438,arkalyk,50.2486,66.9114,274.76,84,93,11.01,KZ,1707269032
439,yulinshi,38.2906,109.7494,264.92,76,17,1.85,CN,1707269109
440,northam,51.0333,-4.2167,283.29,98,100,3.97,GB,1707269110
441,tabuk,17.4189,121.4443,297.37,73,0,2.65,PH,1707269110
442,ban mai,7.2041,100.5451,299.2,79,14,2.25,TH,1707269111
443,mar del plata,-38.0023,-57.5575,294.79,93,0,8.49,AR,1707269020
444,mariental,-24.6333,17.9667,299.48,32,92,5.68,NA,1707269112
445,ciudad lazaro cardenas,17.9583,-102.2,298.49,75,1,2.2,MX,1707269113
446,riyadh,24.6877,46.7219,282.23,41,0,2.09,SA,1707269017
447,muriti,-1.9833,32.9167,296.34,69,14,1.33,TZ,1707269114
448,chifeng,42.2683,118.9636,265.73,44,0,1.77,CN,1707269114
449,horta,38.5333,-28.6333,289.83,92,89,8.05,PT,1707269055
450,tikapur,28.5,81.1333,282.55,69,97,1.92,NP,1707269115
451,weno,7.4515,151.8468,302.12,70,40,4.63,FM,1707268997
452,lagos,6.5833,3.75,299.33,69,92,0.55,NG,1707268729
453,port douglas,-16.4833,145.4667,302.59,75,87,2.15,AU,1707269036
454,fort bragg,35.139,-79.006,279.9,49,0,4.12,US,1707269006
455,zarzis,33.504,11.1122,288.04,49,100,5.17,TN,1707269118
456,pariaman,-0.619,100.12,301.18,82,100,1.06,ID,1707269106
457,idri,27.5,13.2667,282.68,50,0,1.56,LY,1707269119
458,ust-tsilma,65.441,52.1498,250.16,99,99,0.45,RU,1707269022
459,constitucion,-35.3333,-72.4167,290.12,97,52,4.69,CL,1707269120
460,dindori,22.95,81.0833,285.61,86,0,1.78,IN,1707269121
461,port de pollenca,39.9075,3.0814,284.51,76,100,3.36,ES,1707269122
462,zabid,14.1951,43.3152,297.39,83,52,4.0,YE,1707269123
463,hampton bays,40.869,-72.5176,276.4,79,8,4.92,US,1707269123
464,union city,37.5958,-122.0192,287.23,68,40,6.17,US,1707269124
465,camocim,-2.9022,-40.8411,299.38,89,10,5.55,BR,1707269124
466,newman,37.3138,-121.0208,285.94,81,100,2.46,US,1707269072
467,rasshevatskaya,45.5748,41.035,280.99,80,100,9.57,RU,1707269125
468,fort st. john,56.2499,-120.8529,266.09,79,75,3.09,CA,1707269033
469,kertih,4.5141,103.4483,299.16,89,20,0.0,MY,1707269126
470,rurrenabaque,-14.4413,-67.5278,295.75,98,62,0.46,BO,1707269127
471,alindao,5.0267,21.2088,297.34,33,8,2.03,CF,1707269127
472,fortuna,40.5982,-124.1573,283.52,87,100,6.17,US,1707269029
473,san rafael del yuma,18.4299,-68.6739,299.26,78,96,6.92,DO,1707269128
474,coyhaique,-45.5752,-72.0662,284.49,76,20,4.12,CL,1707268862
475,bonthe,7.5264,-12.505,299.18,91,0,1.43,SL,1707269061
476,tocopilla,-22.092,-70.1979,296.87,77,0,0.85,CL,1707269130
477,menzelinsk,55.7271,53.1026,268.27,97,100,2.24,RU,1707269130
478,xindi,29.8167,113.4667,271.97,97,89,2.74,CN,1707269131
479,la mana,-0.9333,-79.2167,297.68,92,51,1.07,EC,1707269131
480,oral,51.2333,51.3667,264.14,86,75,18.0,KZ,1707269132
481,breckenridge,32.7557,-98.9023,290.26,42,0,3.83,US,1707269133
482,ballina,-28.8667,153.5667,301.92,81,40,8.68,AU,1707269133
483,novoishimskiy,53.1981,66.7694,272.03,79,100,9.17,KZ,1707269133
484,crateus,-5.1783,-40.6775,298.72,49,35,0.29,BR,1707269134
485,morant bay,17.8815,-76.4093,297.94,76,4,4.93,JM,1707269134
486,bad fallingbostel,52.8667,9.7,279.25,90,100,5.95,DE,1707269135
487,daru,-9.0763,143.2092,303.02,69,100,3.55,PG,1707269015
488,ust'-ordynskiy,52.805,104.7508,251.86,98,5,2.13,RU,1707269136
489,luebo,-5.35,21.4167,294.16,96,91,0.96,CD,1707269137
490,tarawa,1.419,172.984,305.2,74,75,3.09,KI,1707268843
491,pucallpa,-8.3791,-74.5539,298.17,100,40,1.03,PE,1707269137
492,hibbing,47.4272,-92.9377,273.47,93,0,0.0,US,1707269138
493,selfoss,63.9331,-20.9971,263.48,91,52,2.94,IS,1707269139
494,luba,3.4568,8.5547,299.09,80,96,1.06,GQ,1707269139
495,fort collins,40.5853,-105.0844,282.0,65,0,2.06,US,1707268500
496,ulanhot,46.0833,122.0833,259.68,59,0,2.78,CN,1707269140
497,rouissat,31.9243,5.3502,282.19,49,0,0.0,DZ,1707269140
498,puerto baquerizo moreno,-0.9,-89.6,298.82,85,18,5.05,EC,1707269002
499,nouadhibou,20.931,-17.0347,294.14,43,67,4.63,MR,1707269141
500,eksere,36.8134,31.9997,281.06,55,0,1.62,TR,1707269142
501,klaksvik,62.2266,-6.589,272.66,87,100,11.13,FO,1707269033
502,sitka,57.0531,-135.33,277.09,81,0,2.57,US,1707269011
503,afif,23.9065,42.9172,282.7,36,0,5.11,SA,1707269143
504,tidjikja,18.5564,-11.4271,294.1,11,1,6.99,MR,1707269144
505,kabompo,-13.5927,24.2008,290.61,98,95,1.35,ZM,1707269144
506,dalai,45.5,124.3,260.07,77,5,1.51,CN,1707269145
507,igarka,67.4667,86.5833,258.51,95,99,3.92,RU,1707269057
508,yoichi,43.2039,140.7703,272.57,70,100,2.18,JP,1707269146
509,bathsheba,13.2167,-59.5167,300.49,83,75,7.2,BB,1707269005
510,costa rica,-23.4167,-54.65,297.1,75,54,2.62,BR,1707269147
511,sarangani,5.4033,125.4636,300.54,76,100,4.32,PH,1707269147
512,lalsot,26.5667,76.3333,285.12,40,99,2.96,IN,1707269148
513,redencao,-4.2258,-38.7306,297.51,96,100,1.51,BR,1707269149
514,bardai,11.65,7.2333,291.25,25,92,6.11,NG,1707268998
515,luganville,-15.5333,167.1667,303.04,74,96,2.04,VU,1707269150
516,antsiranana,-12.2787,49.2917,296.72,95,100,0.14,MG,1707269150
517,dudinka,69.4058,86.1778,253.53,87,100,3.58,RU,1707269018
518,nyurba,63.2842,118.3319,243.71,100,96,0.96,RU,1707269151
519,juan griego,11.0817,-63.9655,300.03,83,41,5.03,VE,1707269152
520,semnan,35.5729,53.3971,276.2,56,0,1.11,IR,1707269152
521,da lat,11.9465,108.4419,292.97,55,88,0.25,VN,1707269153
522,paradip garh,20.3167,86.6167,295.22,94,1,3.23,IN,1707269058
523,palikir - national government center,6.9248,158.1611,304.56,66,100,5.14,FM,1707269012
524,birao,10.2849,22.7882,294.47,17,6,4.73,CF,1707269154
525,vadso,70.0744,29.7487,262.24,92,100,7.2,NO,1707269041
526,la'ie,21.6477,-157.9253,300.13,72,5,11.06,US,1707269112
527,port-vila,-17.7338,168.3219,300.93,89,75,3.09,VU,1707269156
528,lubang,13.8584,120.124,298.86,77,56,8.31,PH,1707269156
529,kristiansund,63.1115,7.732,265.51,93,9,1.54,NO,1707269157
530,oranjemund,-28.55,16.4333,291.96,88,26,1.44,NA,1707269157
531,cromwell,41.5951,-72.6454,274.21,72,0,0.0,US,1707269158
532,ketchikan,55.3422,-131.6461,276.41,81,100,2.57,US,1707268999
533,howrah,22.5892,88.3103,292.15,88,40,4.12,IN,1707269003
534,borogontsy,62.6683,131.1683,240.92,97,100,0.63,RU,1707269160
535,chiclana de la frontera,36.4192,-6.1494,285.53,85,6,1.04,ES,1707269160
536,golakganj,26.1,89.8333,286.41,77,0,1.54,IN,1707269160
537,ubari,26.5921,12.7805,283.42,46,2,2.01,LY,1707269161
538,marlin,31.3063,-96.898,289.16,55,95,2.7,US,1707269161
539,san carlos del zulia,9.0,-71.9135,299.65,87,97,2.4,VE,1707269162
540,russkiy,43.0147,131.8642,265.07,77,3,5.62,RU,1707269163
541,nanganga,-10.3833,39.15,297.27,98,78,0.91,TZ,1707269163
542,prince rupert,54.3161,-130.3201,274.98,100,100,1.03,CA,1707269164
543,santa cruz,-17.8,-63.1667,298.85,83,40,1.54,BO,1707269006
544,ca mau,9.1769,105.15,300.01,75,100,3.0,VN,1707269165
545,tommot,58.9564,126.2925,261.92,95,100,3.07,RU,1707269165
546,dhidhdhoo,6.8833,73.1,300.51,69,95,3.69,MV,1707269166
547,nuuk,64.1835,-51.7216,266.49,68,100,14.4,GL,1707269028
548,gaigeturi,33.4644,126.3183,279.18,61,75,2.57,KR,1707269166
549,bouarfa,32.53,-1.95,279.03,40,0,1.24,MA,1707269167
550,kirakira,-10.4544,161.9205,302.94,73,80,4.87,SB,1707269167
551,lijiang,26.8688,100.2207,274.15,88,53,1.8,CN,1707269168
552,karor,31.2274,70.9492,284.85,81,100,2.21,PK,1707269168
553,kruisfontein,-34.0033,24.7314,294.75,85,6,4.53,ZA,1707269028
554,lucapa,-8.4192,20.7447,290.82,98,86,1.14,AO,1707269169
555,arkhangel'sk,64.5401,40.5433,248.22,75,40,0.0,RU,1707269170
556,deschutes river woods,43.9915,-121.3584,277.16,79,100,0.0,US,1707269171
557,port moresby,-9.4431,147.1797,303.83,70,40,5.14,PG,1707269171
558,port augusta,-32.5,137.7667,297.26,29,0,5.19,AU,1707269005
